{"cameraMode":{"drawMode":0,"name":"Shaded","section":"Shading Mode"},"sceneLighting":true,"audioPlay":false,"sceneViewState":{"showFog":true,"showMaterialUpdate":false,"showSkybox":true,"showFlares":true,"showImageEffects":true,"showParticleSystems":true},"in2DMode":false,"pivot":{"x":-1.7409288883209229,"y":1.2269139289855958,"z":-1.5300874710083008},"rotation":{"x":-0.09979886561632157,"y":0.8925372362136841,"z":-0.24299512803554536,"w":-0.36656785011291506},"size":0.45369821786880495,"orthographic":false}